{
  "experiment_id": "maze_dqn_v2_seed999",
  "timestamp": "2026-02-12T16:57:26.125114",
  "training": {
    "episodes": 200,
    "mean_reward": -2.2203343749999997,
    "mean_length": 76.515,
    "best_success_rate": 0.96,
    "final_epsilon": 0.525,
    "reward_history": [
      -19.490625000000026,
      -9.503125000000002,
      -1.1224999999999992,
      -6.889374999999995,
      -1.7024999999999992,
      -19.44562499999997,
      -15.420625000000001,
      -2.1056249999999994,
      -23.79312500000005,
      -18.216874999999977,
      -2.803124999999999,
      -0.12812500000000004,
      0.49375,
      -10.43250000000001,
      -10.451249999999995,
      -3.8774999999999995,
      -6.462499999999996,
      -13.284374999999997,
      -1.0749999999999993,
      -7.476874999999996,
      -1.71625,
      -4.411874999999999,
      -8.21499999999999,
      0.733125,
      -3.8631249999999993,
      -2.0099999999999985,
      -1.7806249999999997,
      -0.7037499999999999,
      -19.413750000000018,
      0.890625,
      -4.088124999999995,
      -10.896249999999982,
      -20.708750000000013,
      0.6006250000000002,
      -1.3575,
      -11.345000000000004,
      -5.0,
      -0.10374999999999979,
      -3.8024999999999993,
      -5.429999999999996,
      -16.447500000000012,
      -0.9056249999999997,
      0.13312499999999983,
      -7.918124999999986,
      -0.11999999999999944,
      0.5625,
      -7.326874999999998,
      -0.32249999999999934,
      -1.2656249999999996,
      0.71875,
      -1.1243749999999997,
      -2.4968749999999993,
      -4.180625000000001,
      -10.19187499999999,
      0.913125,
      -1.0612499999999998,
      -3.900624999999997,
      -9.796249999999999,
      1.0,
      -5.3687499999999915,
      0.5687500000000001,
      -9.413124999999997,
      -0.4131249999999991,
      -0.36374999999999935,
      -1.5849999999999973,
      -1.0168749999999993,
      0.09062500000000029,
      -7.309999999999997,
      -16.42687500000001,
      -0.3781249999999996,
      0.57125,
      0.35,
      -1.4774999999999991,
      -17.844375000000024,
      -1.5099999999999993,
      -3.039374999999998,
      -0.5987499999999981,
      -3.3256249999999996,
      -11.053749999999985,
      -13.378124999999981,
      -4.6249999999999964,
      -1.3318749999999997,
      -5.656874999999993,
      -0.1943749999999993,
      -1.3574999999999995,
      -0.03874999999999962,
      -0.8406249999999988,
      0.36125000000000007,
      0.6425000000000001,
      0.7793750000000002,
      0.859375,
      -1.824999999999997,
      -3.029375,
      -3.0531249999999988,
      -6.579375000000001,
      -2.2906250000000004,
      0.4131250000000001,
      -2.245624999999998,
      0.6993750000000002,
      -0.06812499999999955,
      -1.5243749999999996,
      0.7125,
      -6.327500000000001,
      0.18625000000000003,
      0.20750000000000002,
      -0.9793749999999997,
      -1.883124999999998,
      0.5856250000000001,
      -0.4962499999999994,
      0.6812500000000001,
      0.7731250000000003,
      -4.966874999999997,
      0.9862500000000001,
      0.94375,
      0.885625,
      0.15687500000000032,
      -0.8424999999999991,
      0.98,
      -0.6731249999999993,
      -17.335624999999997,
      1.053125,
      0.3556250000000001,
      0.7106250000000001,
      0.683125,
      0.8175,
      -0.27624999999999944,
      -2.0931249999999992,
      1.0225,
      0.8725,
      0.188125,
      1.0525,
      0.8625000000000002,
      -0.32187500000000013,
      -0.10999999999999988,
      0.4218750000000001,
      0.6275000000000002,
      0.7381249999999999,
      0.40875000000000006,
      -1.6787499999999995,
      0.5043750000000002,
      0.8225,
      0.56125,
      -0.07062499999999927,
      0.635,
      0.870625,
      -0.9074999999999989,
      1.053125,
      0.11687500000000062,
      0.6125000000000002,
      0.8031250000000001,
      0.7837500000000001,
      0.860625,
      1.0506250000000001,
      0.38500000000000023,
      1.19,
      0.37062500000000054,
      0.7050000000000001,
      -0.1593749999999985,
      0.03250000000000053,
      0.41937500000000016,
      0.890625,
      -0.4606249999999996,
      -0.04249999999999998,
      -0.14624999999999888,
      1.1912500000000001,
      0.3531249999999999,
      0.6193750000000002,
      1.21625,
      0.983125,
      1.39625,
      1.16125,
      0.950625,
      0.12000000000000033,
      1.2225,
      0.851875,
      0.808125,
      0.31437500000000096,
      1.1456250000000001,
      1.068125,
      0.9493750000000001,
      0.926875,
      1.138125,
      0.706875,
      0.8356250000000001,
      0.5581250000000004,
      1.006875,
      0.7350000000000001,
      0.0475000000000001,
      0.32437499999999997,
      0.674375,
      1.0193750000000001,
      0.76,
      1.286875,
      0.56625,
      0.44375,
      0.7618750000000001,
      0.5518750000000001,
      1.0775000000000001,
      0.888125,
      0.83125
    ],
    "length_history": [
      400,
      236,
      49,
      161,
      58,
      389,
      292,
      60,
      400,
      400,
      88,
      17,
      21,
      203,
      231,
      112,
      172,
      301,
      54,
      187,
      58,
      92,
      171,
      7,
      127,
      82,
      73,
      35,
      400,
      2,
      109,
      249,
      400,
      17,
      51,
      260,
      101,
      21,
      88,
      149,
      344,
      34,
      20,
      221,
      28,
      21,
      209,
      37,
      55,
      8,
      60,
      70,
      116,
      266,
      7,
      56,
      105,
      260,
      7,
      178,
      9,
      243,
      46,
      41,
      83,
      45,
      29,
      197,
      400,
      40,
      13,
      8,
      82,
      400,
      56,
      104,
      58,
      132,
      277,
      274,
      156,
      62,
      151,
      38,
      64,
      41,
      52,
      29,
      9,
      15,
      9,
      96,
      103,
      99,
      168,
      100,
      28,
      80,
      19,
      43,
      59,
      13,
      215,
      25,
      24,
      38,
      94,
      17,
      47,
      21,
      26,
      147,
      12,
      3,
      11,
      39,
      56,
      6,
      40,
      400,
      2,
      29,
      10,
      14,
      6,
      34,
      76,
      12,
      4,
      34,
      5,
      32,
      35,
      39,
      29,
      22,
      23,
      15,
      52,
      24,
      10,
      21,
      48,
      22,
      7,
      59,
      2,
      42,
      18,
      11,
      10,
      9,
      19,
      27,
      9,
      35,
      21,
      55,
      50,
      26,
      2,
      67,
      11,
      47,
      14,
      24,
      24,
      5,
      6,
      17,
      4,
      9,
      25,
      12,
      9,
      18,
      44,
      9,
      15,
      10,
      5,
      14,
      7,
      4,
      32,
      14,
      18,
      34,
      26,
      16,
      6,
      22,
      12,
      24,
      12,
      13,
      29,
      10,
      5,
      13
    ],