{
  "experiment_id": "maze_dqn_v2_phase2_revival_seed999",
  "timestamp": "2026-02-18T03:28:49.291400",
  "training": {
    "episodes": 3500,
    "mean_reward": 5.467325714285713,
    "mean_length": 97.09485714285714,
    "best_success_rate": 0.92,
    "final_epsilon": 0.05,
    "final_curriculum_level": 1
  },
  "evaluation": {
    "episodes": 100,
    "curriculum_level": 1,
    "success_rate": 0.25,
    "mean_reward": 2.7052999999999963,
    "mean_length": 92.83,
    "reward_std": 14.041053126813534,
    "length_std": 47.13428794412832,
    "reward_p25": -2.775000000000001,
    "reward_p50": 3.85,
    "reward_p75": 9.089999999999993,
    "length_p25": 96.75,
    "length_p50": 120.0,
    "length_p75": 120.0
  }
}