{
  "experiment_id": "maze_dqn_v2_phase2_seed999",
  "timestamp": "2026-02-15T03:18:15.746217",
  "training": {
    "episodes": 4000,
    "mean_reward": -2.2584534732860324,
    "mean_length": 58.82725,
    "best_success_rate": 0.994,
    "final_epsilon": 0.05
  },
  "evaluation": {
    "episodes": 100,
    "success_rate": 0.0,
    "mean_reward": -20.874999999999947,
    "mean_length": 200.0,
    "reward_std": 3.552713678800501e-15,
    "length_std": 0.0,
    "reward_p25": -20.874999999999943,
    "reward_p50": -20.874999999999943,
    "reward_p75": -20.874999999999943,
    "length_p25": 200.0,
    "length_p50": 200.0,
    "length_p75": 200.0
  }
}