{
  "experiment_id": "maze_dqn_v2_seed123",
  "timestamp": "2026-02-12T19:49:25.163585",
  "training": {
    "episodes": 201,
    "mean_reward": -15.21676616915424,
    "mean_length": 126.86567164179104,
    "best_success_rate": 0.85,
    "final_epsilon": 0.5226250000000001,
    "reward_history": [
      -55.78062500000003,
      -13.987499999999995,
      -1.7168749999999995,
      -2.1712499999999992,
      -13.319375000000003,
      -11.686875000000002,
      -49.596250000000005,
      -14.935624999999998,
      0.04750000000000032,
      -38.01562499999997,
      0.15500000000000014,
      -41.49875000000002,
      -2.958749999999999,
      -23.959999999999994,
      -0.8687499999999999,
      -0.5318749999999994,
      -5.3943749999999975,
      1.053125,
      -44.04937499999999,
      -0.40187499999999976,
      -6.21625,
      -2.2449999999999988,
      -13.369374999999984,
      -1.9981250000000008,
      -6.38625,
      1.01625,
      -1.4349999999999992,
      0.7206250000000004,
      0.704375,
      -0.2043750000000002,
      -8.486249999999998,
      -7.094999999999999,
      -5.1868750000000015,
      0.535,
      0.774375,
      -0.11687499999999984,
      -59.69187499999995,
      0.8387500000000001,
      -4.373749999999999,
      -3.978749999999999,
      -1.0431249999999994,
      -58.686875000000065,
      -16.50437499999999,
      -66.27375000000009,
      -3.0931250000000015,
      -36.873124999999995,
      -4.021875,
      1.21625,
      -6.5818749999999975,
      -47.900000000000105,
      0.6775000000000002,
      -2.5962499999999995,
      -0.7493749999999999,
      -20.185000000000002,
      -8.017500000000005,
      1.0,
      -6.6237499999999985,
      0.03500000000000003,
      -1.76375,
      -31.490624999999994,
      -0.9406249999999998,
      -2.7306250000000003,
      -19.96249999999999,
      -2.4049999999999994,
      -52.31000000000005,
      -7.205625000000001,
      0.78125,
      -11.337499999999993,
      1.0,
      0.19999999999999996,
      -6.736250000000004,
      0.28625000000000034,
      -0.9987499999999998,
      -14.602500000000003,
      0.8356250000000001,
      -16.975625,
      -6.563124999999993,
      -9.218125000000002,
      1.106875,
      -81.8018750000001,
      -81.00500000000002,
      -0.2468749999999995,
      -3.305625000000002,
      0.7287500000000001,
      0.11812500000000037,
      -59.181875000000026,
      -2.78,
      -91.44250000000008,
      0.961875,
      -0.5612499999999991,
      -50.05749999999998,
      1.09,
      -4.574999999999999,
      -73.32125000000002,
      -0.13062499999999955,
      -18.408749999999998,
      0.25312500000000027,
      -2.7262500000000003,
      0.8625000000000002,
      -76.30187500000038,
      -1.8949999999999991,
      0.41000000000000014,
      -10.950625,
      -9.424375000000001,
      -106.42625000000032,
      0.6187500000000001,
      -49.15000000000008,
      0.56,
      -3.5675000000000017,
      0.705625,
      -56.98374999999996,
      0.5575000000000001,
      0.11875000000000002,
      -64.54812500000007,
      0.04937500000000028,
      -25.43312500000001,
      -0.2543749999999996,
      0.028124999999999845,
      0.16625000000000056,
      -1.8931250000000004,
      0.5475,
      -6.293749999999998,
      -80.47687500000002,
      0.5162500000000001,
      -2.5225,
      -0.07124999999999959,
      -1.9724999999999984,
      -2.0025,
      0.69375,
      0.5718750000000001,
      0.8075,
      0.8087500000000001,
      -29.81687500000001,
      -0.6062499999999997,
      -120.1156250000002,
      -4.444375000000001,
      -2.7987500000000005,
      0.6468750000000001,
      -0.5862499999999997,
      0.6331250000000002,
      -102.94437500000022,
      0.6500000000000001,
      0.32999999999999996,
      -13.032499999999985,
      -2.089374999999999,
      -1.1275000000000004,
      -47.074374999999996,
      -6.536875,
      0.6993750000000001,
      1.21625,
      -90.2881250000001,
      -48.75312500000007,
      0.46375,
      -0.10937499999999978,
      -6.950000000000001,
      -2.3881249999999987,
      -66.39625000000001,
      -6.956875,
      -23.636249999999986,
      -0.026874999999999538,
      0.5581250000000002,
      0.5806250000000002,
      -2.3481250000000005,
      0.805625,
      -38.82562499999995,
      -14.883124999999993,
      0.810625,
      1.106875,
      -0.9568749999999997,
      0.40625,
      -108.68312500000017,
      0.980625,
      -27.798749999999977,
      1.0,
      -16.105624999999982,
      0.9825,
      -8.468749999999998,
      -0.4124999999999992,
      -5.398749999999998,
      -0.02687499999999976,
      -8.465624999999996,
      0.6543750000000002,
      0.38500000000000034,
      -64.82249999999992,
      -3.17875,
      1.1350000000000002,
      -67.90062500000003,
      1.01625,
      0.755625,
      -3.9381250000000003,
      -84.88187500000018,
      -87.1256250000001,
      0.944375,
      1.2375,
      -46.397500000000136,
      1.106875,
      -44.61875,
      -3.041249999999998,
      0.12187500000000029,
      -8.694999999999993,
      -2.54375
    ],
    "length_history": [
      400,
      209,
      56,
      78,
      146,
      147,
      400,
      241,
      26,
      400,
      35,
      400,
      62,
      254,
      34,
      48,
      111,
      2,
      400,
      41,
      106,
      59,
      240,
      45,
      125,
      14,
      32,
      24,
      14,
      24,
      141,
      135,
      82,
      17,
      9,
      36,
      392,
      15,
      95,
      90,
      55,
      400,
      197,
      400,
      52,
      400,
      96,
      5,
      113,
      400,
      22,
      62,
      41,
      179,
      125,
      1,
      131,
      30,
      57,
      311,
      43,
      79,
      208,
      70,
      400,
      115,
      16,
      151,
      1,
      28,
      126,
      27,
      33,
      169,
      4,
      174,
      122,
      130,
      3,
      400,
      400,
      32,
      53,
      17,
      32,
      400,
      65,
      400,
      3,
      35,
      400,
      5,
      107,
      400,
      34,
      177,
      33,
      81,
      16,
      400,
      41,
      22,
      155,
      144,
      400,
      19,
      400,
      8,
      71,
      17,
      381,
      19,
      36,
      400,
      30,
      253,
      28,
      24,
      35,
      53,
      13,
      103,
      400,
      6,
      50,
      28,
      78,
      63,
      20,
      11,
      10,
      14,
      313,
      26,
      400,
      95,
      77,
      15,
      42,
      19,
      400,
      24,
      20,
      155,
      53,
      40,
      354,
      93,
      13,
      5,
      400,
      352,
      17,
      17,
      101,
      49,
      400,
      86,
      243,
      30,
      29,
      18,
      56,
      7,
      248,
      179,
      15,
      3,
      46,
      26,
      400,
      6,
      246,
      1,
      171,
      15,
      97,
      38,
      113,
      35,
      99,
      11,
      26,
      400,
      48,
      15,
      400,
      4,
      14,
      85,
      400,
      400,
      3,
      8,
      400,
      3,
      331,
      80,
      20,
      122,
      60
    ],