{
  "experiment_id": "maze_dqn_v2_phase2_seed999",
  "timestamp": "2026-02-15T18:16:35.077549",
  "training": {
    "episodes": 5000,
    "mean_reward": -0.492557009569645,
    "mean_length": 33.5184,
    "best_success_rate": 1.0,
    "final_epsilon": 0.05
  },
  "evaluation": {
    "episodes": 100,
    "success_rate": 1.0,
    "mean_reward": 1.674375,
    "mean_length": 14.0,
    "reward_std": 0.0,
    "length_std": 0.0,
    "reward_p25": 1.674375,
    "reward_p50": 1.674375,
    "reward_p75": 1.674375,
    "length_p25": 14.0,
    "length_p50": 14.0,
    "length_p75": 14.0
  }
}