{
  "experiment_id": "maze_dqn_v2_phase2_revival_seed42",
  "timestamp": "2026-02-18T03:07:12.920064",
  "training": {
    "episodes": 3500,
    "mean_reward": 7.466688571428571,
    "mean_length": 94.01771428571429,
    "best_success_rate": 0.92,
    "final_epsilon": 0.05,
    "final_curriculum_level": 1
  },
  "evaluation": {
    "episodes": 100,
    "curriculum_level": 1,
    "success_rate": 0.35,
    "mean_reward": 7.3968,
    "mean_length": 84.29,
    "reward_std": 12.304709088800111,
    "length_std": 49.212050353546545,
    "reward_p25": 3.355000000000002,
    "reward_p50": 3.919999999999999,
    "reward_p75": 21.2025,
    "length_p25": 22.5,
    "length_p50": 120.0,
    "length_p75": 120.0
  }
}