{
  "experiment_id": "maze_dqn_v2_seed42",
  "timestamp": "2026-02-13T07:51:47.463721",
  "training": {
    "episodes": 238,
    "mean_reward": -4.450934970258665,
    "mean_length": 89.46638655462185,
    "best_success_rate": 0.95,
    "final_epsilon": 0.6112666666666666,
    "reward_history": [
      -15.380003929138184,
      -14.52062702178955,
      -1.7706248760223389,
      -16.082494735717773,
      -16.2912540435791,
      -13.841246604919434,
      -14.74937915802002,
      -19.14063262939453,
      -18.741247177124023,
      -18.45999526977539,
      -17.906871795654297,
      -2.0850000381469727,
      -15.603129386901855,
      -15.142502784729004,
      -15.341875076293945,
      -18.813753128051758,
      -15.002500534057617,
      -14.408756256103516,
      -16.70624542236328,
      -24.851877212524414,
      -17.843120574951172,
      -16.56124496459961,
      -14.985625267028809,
      -15.478745460510254,
      -16.24437713623047,
      -16.03125,
      -15.414999008178711,
      -19.442501068115234,
      -3.779999256134033,
      -12.353750228881836,
      -22.96125030517578,
      -14.30562686920166,
      -18.558122634887695,
      -8.388123512268066,
      -20.1712589263916,
      -17.264375686645508,
      -12.871247291564941,
      -17.876258850097656,
      -14.183124542236328,
      -5.660001277923584,
      -18.380626678466797,
      -16.14499855041504,
      -3.271249771118164,
      -11.986251831054688,
      -2.4737508296966553,
      -14.929376602172852,
      -4.8512492179870605,
      -13.851248741149902,
      -4.378124713897705,
      -3.2156248092651367,
      -15.975627899169922,
      -4.886874198913574,
      -0.1962500810623169,
      -1.3543753623962402,
      -1.606874942779541,
      -0.9850000143051147,
      -10.146245002746582,
      -11.555625915527344,
      0.2931249737739563,
      0.5249999761581421,
      -15.076250076293945,
      -14.217499732971191,
      -13.475625038146973,
      -13.826248168945312,
      -4.153749942779541,
      -0.16937530040740967,
      -9.798128128051758,
      -0.6006249189376831,
      -7.041250228881836,
      -4.116250991821289,
      -14.564998626708984,
      -7.524375915527344,
      -6.75124979019165,
      -1.0950002670288086,
      -5.972498893737793,
      -2.5293753147125244,
      -0.6800001859664917,
      -3.7568764686584473,
      -5.680628299713135,
      -5.678125381469727,
      -4.922499656677246,
      -1.2843751907348633,
      -6.134374141693115,
      -3.731874942779541,
      -2.164375066757202,
      -3.656249523162842,
      -0.9718750715255737,
      -1.4731249809265137,
      -3.7143754959106445,
      -2.684999465942383,
      -3.0387496948242188,
      -4.6025004386901855,
      -2.0300004482269287,
      -4.764999866485596,
      -1.291250467300415,
      -1.9743754863739014,
      -6.697498321533203,
      -5.134377479553223,
      -7.043750762939453,
      -2.148750066757202,
      -4.2856245040893555,
      -0.829375147819519,
      -0.04375004768371582,
      0.19499999284744263,
      -4.244999408721924,
      0.13499993085861206,
      1.1243749856948853,
      0.0056250691413879395,
      -1.2037501335144043,
      0.23437505960464478,
      -1.3574998378753662,
      -4.197500705718994,
      0.7450000047683716,
      -5.911249160766602,
      -2.0306243896484375,
      -1.2799999713897705,
      -2.3762505054473877,
      -3.104374885559082,
      -3.1725010871887207,
      -0.7237502336502075,
      -2.20062518119812,
      -2.2381250858306885,
      -3.61562442779541,
      -0.9275001287460327,
      1.0968750715255737,
      -0.6806252002716064,
      -2.3056247234344482,
      -4.311249732971191,
      -1.8125,
      -1.3556253910064697,
      0.8949999809265137,
      -1.9200000762939453,
      -4.2012505531311035,
      -2.7024993896484375,
      -0.39187490940093994,
      0.28250008821487427,
      -5.087501049041748,
      -0.009999871253967285,
      -0.7043747901916504,
      -1.7262492179870605,
      -2.918750047683716,
      -0.45499980449676514,
      -0.43625009059906006,
      -0.34125006198883057,
      -5.11875057220459,
      0.7593750357627869,
      -4.71999979019165,
      -2.1993749141693115,
      0.04562485218048096,
      -1.2843751907348633,
      -5.544373512268066,
      0.2956250309944153,
      -0.9043748378753662,
      -0.13999998569488525,
      -4.559998035430908,
      -1.4668753147125244,
      -2.7981247901916504,
      -2.599375009536743,
      0.5656249523162842,
      0.2300000786781311,
      -0.3393746614456177,
      -2.8475003242492676,
      0.4493750333786011,
      -1.9443752765655518,
      0.9581249952316284,
      0.8012499809265137,
      -2.8318755626678467,
      -0.6506252288818359,
      -1.3250000476837158,
      -1.7718744277954102,
      -1.481874704360962,
      1.0225000381469727,
      -0.3543750047683716,
      -0.12000000476837158,
      -1.703125238418579,
      -1.320000171661377,
      1.1231249570846558,
      0.5587500929832458,
      -2.5112502574920654,
      -1.0412499904632568,
      -0.01250004768371582,
      -0.5131247043609619,
      -1.0843749046325684,
      0.25312501192092896,
      0.949999988079071,
      -1.6850001811981201,
      -0.08812487125396729,
      0.4831249713897705,
      0.09999996423721313,
      -0.125,
      0.9831249713897705,
      0.6543749570846558,
      0.513124942779541,
      -2.3168749809265137,
      -0.1724998950958252,
      -0.24374985694885254,
      -0.4499998092651367,
      -0.464999794960022,
      0.6806250214576721,
      -2.21625018119812,
      -0.19187474250793457,
      -0.4456249475479126,
      0.9837499856948853,
      -0.8124997615814209,
      -0.5074998140335083,
      -0.24937498569488525,
      0.6725000143051147,
      -2.254999876022339,
      -0.13437485694885254,
      0.9162499904632568,
      -0.6156244277954102,
      0.1437498927116394,
      0.11375004053115845,
      -0.8756248950958252,
      1.1062500476837158,
      0.6318749785423279,
      -0.8224998712539673,
      1.1787500381469727,
      1.0487500429153442,
      0.2968749403953552,
      1.5018750429153442,
      -0.039999961853027344,
      0.6799999475479126,
      0.2943750023841858,
      0.44624990224838257,
      1.314375,
      -1.0674998760223389,
      -0.11937487125396729,
      0.8050000071525574,
      -0.019374847412109375,
      0.2950000762939453,
      0.8262499570846558,
      1.2131249904632568,
      1.2081249952316284,
      1.1675000190734863,
      0.7337499856948853,
      0.5868750214576721,
      1.3412500619888306
    ],