{
  "experiment_id": "maze_dqn_v1_seed999",
  "timestamp": "2026-02-12T00:21:50.562657",
  "training": {
    "episodes": 100,
    "mean_reward": -2.6645999999999948,
    "mean_length": 71.0,
    "best_success_rate": 1.0,
    "final_epsilon": 0.81
  },
  "evaluation": {
    "episodes": 100,
    "success_rate": 0.0,
    "mean_reward": -4.999999999999937,
    "mean_length": 500.0,
    "reward_std": 8.881784197001252e-16,
    "length_std": 0.0,
    "reward_p25": -4.999999999999938,
    "reward_p50": -4.999999999999938,
    "reward_p75": -4.999999999999938,
    "length_p25": 500.0,
    "length_p50": 500.0,
    "length_p75": 500.0
  }
}