{
  "experiment_id": "maze_dqn_v1_seed999",
  "timestamp": "2026-02-10T20:50:21.717179",
  "training": {
    "episodes": 100,
    "mean_reward": -2.8947999999999956,
    "mean_length": 78.63,
    "best_success_rate": 1.0,
    "final_epsilon": 0.81
  },
  "evaluation": {
    "episodes": 100,
    "success_rate": 1.0,
    "mean_reward": 0.9300000000000002,
    "mean_length": 8.0,
    "reward_std": 2.220446049250313e-16,
    "length_std": 0.0,
    "reward_p25": 0.9299999999999999,
    "reward_p50": 0.9299999999999999,
    "reward_p75": 0.9299999999999999,
    "length_p25": 8.0,
    "length_p50": 8.0,
    "length_p75": 8.0
  }
}