{
  "experiment_id": "maze_dqn_v2_seed999",
  "timestamp": "2026-02-13T07:52:36.400356",
  "training": {
    "episodes": 235,
    "mean_reward": -4.46759017503008,
    "mean_length": 88.72340425531915,
    "best_success_rate": 0.95,
    "final_epsilon": 0.6161666666666668,
    "reward_history": [
      -19.045621871948242,
      -16.4112491607666,
      -18.259374618530273,
      -16.642492294311523,
      -16.20248794555664,
      -12.817495346069336,
      -1.736875295639038,
      -14.952502250671387,
      -19.016239166259766,
      -14.516873359680176,
      -18.71874237060547,
      -15.451872825622559,
      -20.988754272460938,
      -17.20625114440918,
      -15.811249732971191,
      -8.474373817443848,
      -16.459369659423828,
      -15.401876449584961,
      -16.529369354248047,
      -19.395008087158203,
      -17.72062873840332,
      -20.035633087158203,
      -15.16624927520752,
      -18.26875114440918,
      -20.635616302490234,
      -21.901874542236328,
      -20.006879806518555,
      -19.75250244140625,
      -18.28500747680664,
      -14.981246948242188,
      -6.866874694824219,
      -9.548748970031738,
      -15.223121643066406,
      -13.221875190734863,
      -17.32563018798828,
      -16.202497482299805,
      -13.189369201660156,
      -21.703126907348633,
      -13.268741607666016,
      -0.8593751192092896,
      -11.16937255859375,
      -1.677499771118164,
      -11.346880912780762,
      -14.13562297821045,
      0.2906249165534973,
      -12.163751602172852,
      -3.8443751335144043,
      -10.785630226135254,
      -3.6268744468688965,
      -13.899372100830078,
      -12.466245651245117,
      -7.70999813079834,
      -1.919374942779541,
      -1.6087496280670166,
      -2.4449992179870605,
      -4.97812557220459,
      -3.020625114440918,
      -4.6412506103515625,
      -2.4262502193450928,
      -3.2125000953674316,
      -9.790626525878906,
      -7.32874870300293,
      -19.884374618530273,
      -5.421249866485596,
      -13.66999626159668,
      -2.6743757724761963,
      -4.976250648498535,
      -4.375000476837158,
      -4.073750019073486,
      -2.2762503623962402,
      -6.486251354217529,
      -18.67437171936035,
      -7.554375648498535,
      -0.8999999761581421,
      -3.5493741035461426,
      -3.798123836517334,
      -0.05812489986419678,
      -16.835622787475586,
      -3.0824999809265137,
      0.45375001430511475,
      -11.74687671661377,
      -4.409375190734863,
      -2.2412497997283936,
      -0.743125319480896,
      -1.7937500476837158,
      -0.37749993801116943,
      -3.0818748474121094,
      -1.6962499618530273,
      -0.28562498092651367,
      -5.7768731117248535,
      -6.159998893737793,
      -2.9887499809265137,
      -0.6318751573562622,
      -3.080625057220459,
      -5.75437593460083,
      -8.153749465942383,
      -3.3756232261657715,
      -3.46875,
      -0.863749623298645,
      0.41625016927719116,
      -0.7737499475479126,
      -2.253124952316284,
      -1.6731255054473877,
      -0.28000009059906006,
      -6.6906232833862305,
      0.13937503099441528,
      -2.817500591278076,
      -0.06562495231628418,
      -1.0762498378753662,
      -1.8400006294250488,
      -6.568124771118164,
      -7.846874237060547,
      -0.18437504768371582,
      -2.367499589920044,
      -4.592498779296875,
      -1.0062499046325684,
      -4.820626258850098,
      -3.734374523162842,
      -2.0406246185302734,
      0.3649998903274536,
      -2.9056248664855957,
      -1.1649997234344482,
      0.609375,
      -1.0924999713897705,
      -0.7906252145767212,
      -3.947500228881836,
      -0.17812514305114746,
      -0.4199998378753662,
      1.459375023841858,
      -1.5693747997283936,
      0.3593749403953552,
      -5.831872940063477,
      -0.029999852180480957,
      -2.692500114440918,
      -1.5375006198883057,
      -0.393125057220459,
      0.026250004768371582,
      -1.051875114440918,
      0.22312510013580322,
      0.06999999284744263,
      -2.0143747329711914,
      0.6931249499320984,
      -3.140625476837158,
      0.34437501430511475,
      0.7200000286102295,
      -1.255000114440918,
      -0.35124969482421875,
      -0.6481250524520874,
      -1.698124647140503,
      0.7900000214576721,
      -0.5712499618530273,
      -3.8637499809265137,
      0.2900000214576721,
      -2.043750047683716,
      0.9562499523162842,
      -4.210625648498535,
      1.4793750047683716,
      0.19687503576278687,
      0.38499993085861206,
      0.6924999952316284,
      0.043749988079071045,
      0.45124995708465576,
      -3.8181252479553223,
      0.23375004529953003,
      1.4212499856948853,
      0.44687503576278687,
      -1.4649999141693115,
      -0.9993749856948853,
      -0.778749942779541,
      -1.0600004196166992,
      -0.28624987602233887,
      0.5143749713897705,
      -1.174999713897705,
      -0.6143748760223389,
      0.7849999666213989,
      -0.2662501335144043,
      -3.034374237060547,
      0.6024999618530273,
      -1.3650002479553223,
      -0.35374999046325684,
      -0.8737499713897705,
      0.8968750238418579,
      0.20750004053115845,
      -0.49875009059906006,
      -0.40562498569488525,
      0.32749998569488525,
      -0.4106251001358032,
      -1.2450003623962402,
      -1.5131251811981201,
      -0.5406248569488525,
      -0.05937492847442627,
      -0.5124998092651367,
      -0.5175000429153442,
      -1.0031249523162842,
      0.3012499213218689,
      -1.4118754863739014,
      -3.2087502479553223,
      -0.47000038623809814,
      0.5087500214576721,
      0.8812500238418579,
      0.9474999904632568,
      0.283125102519989,
      -0.4137495756149292,
      0.9574999809265137,
      0.4268749952316284,
      0.4962500333786011,
      0.8149999380111694,
      0.46250003576278687,
      0.5306249856948853,
      0.5087500214576721,
      0.8700000047683716,
      -1.7193753719329834,
      0.015625,
      -0.29375016689300537,
      -1.4074997901916504,
      1.0512499809265137,
      -0.22250020503997803,
      0.7781250476837158,
      0.7093750238418579,
      0.8262499570846558,
      0.8787499666213989,
      0.9275000095367432,
      0.44875001907348633,
      0.26249998807907104,
      -0.3043750524520874,
      0.29249995946884155,
      -0.26687514781951904,
      0.42125004529953003,
      0.9412499666213989,
      -0.6056249141693115,
      0.3968750238418579,
      0.20312505960464478,
      0.5199998617172241,
      1.058750033378601,
      -0.022500038146972656
    ],