{
  "experiment_id": "maze_dqn_v2_phase2_revival_seed123",
  "timestamp": "2026-02-18T03:18:02.160759",
  "training": {
    "episodes": 3500,
    "mean_reward": 5.836154285714284,
    "mean_length": 99.33028571428571,
    "best_success_rate": 0.92,
    "final_epsilon": 0.05,
    "final_curriculum_level": 1
  },
  "evaluation": {
    "episodes": 100,
    "curriculum_level": 1,
    "success_rate": 0.12,
    "mean_reward": 2.6290999999999998,
    "mean_length": 108.04,
    "reward_std": 10.115181174353728,
    "length_std": 33.025420512084324,
    "reward_p25": 3.160000000000003,
    "reward_p50": 3.4300000000000024,
    "reward_p75": 3.6600000000000015,
    "length_p25": 120.0,
    "length_p50": 120.0,
    "length_p75": 120.0
  }
}