{
  "experiment_id": "maze_dqn_v2_phase2_seed123",
  "timestamp": "2026-02-15T03:08:44.705437",
  "training": {
    "episodes": 4000,
    "mean_reward": -2.4382952276659013,
    "mean_length": 62.28275,
    "best_success_rate": 0.997,
    "final_epsilon": 0.05
  },
  "evaluation": {
    "episodes": 100,
    "success_rate": 1.0,
    "mean_reward": 1.5006250143051147,
    "mean_length": 22.0,
    "reward_std": 0.0,
    "length_std": 0.0,
    "reward_p25": 1.5006250143051147,
    "reward_p50": 1.5006250143051147,
    "reward_p75": 1.5006250143051147,
    "length_p25": 22.0,
    "length_p50": 22.0,
    "length_p75": 22.0
  }
}