{
  "experiment_id": "maze_dqn_v2_phase2_seed999",
  "timestamp": "2026-02-15T21:00:01.574536",
  "training": {
    "episodes": 5000,
    "mean_reward": -1.4873878389530182,
    "mean_length": 43.3724,
    "best_success_rate": 0.994,
    "final_epsilon": 0.05
  },
  "evaluation": {
    "episodes": 100,
    "success_rate": 1.0,
    "mean_reward": 1.6175000000000004,
    "mean_length": 14.0,
    "reward_std": 4.440892098500626e-16,
    "length_std": 0.0,
    "reward_p25": 1.6175,
    "reward_p50": 1.6175,
    "reward_p75": 1.6175,
    "length_p25": 14.0,
    "length_p50": 14.0,
    "length_p75": 14.0
  }
}