{
  "experiment_id": "maze_dqn_v2_seed123",
  "timestamp": "2026-02-12T16:57:04.047040",
  "training": {
    "episodes": 200,
    "mean_reward": -1.5583187499999998,
    "mean_length": 63.145,
    "best_success_rate": 0.98,
    "final_epsilon": 0.525,
    "reward_history": [
      -3.310624999999999,
      -1.8225000000000002,
      -8.626249999999997,
      -22.10437500000001,
      -15.511875,
      -2.6712499999999992,
      -3.9137499999999967,
      0.5337500000000001,
      -0.8099999999999996,
      -9.00749999999999,
      -3.213125,
      -21.866875000000014,
      -0.41812499999999986,
      -7.0687499999999925,
      -22.340625000000006,
      -18.28500000000003,
      -0.46124999999999927,
      -8.743749999999995,
      -12.467499999999998,
      -0.14874999999999972,
      0.6487499999999999,
      0.618125,
      -1.2249999999999996,
      -1.0749999999999997,
      -5.388749999999997,
      -5.251874999999998,
      0.2749999999999999,
      -8.141249999999996,
      0.7656250000000001,
      0.038125000000000187,
      -8.153749999999988,
      -6.614999999999997,
      -0.5824999999999996,
      -2.248125,
      -0.4831249999999996,
      -1.5531249999999992,
      -6.6012499999999985,
      -2.295,
      -0.7999999999999992,
      -0.6093749999999993,
      0.883125,
      -4.350624999999997,
      -0.09687499999999982,
      -14.533124999999993,
      -4.421874999999997,
      1.106875,
      -1.1106249999999998,
      -2.8462499999999977,
      -1.6093749999999987,
      -13.663750000000004,
      -5.436875,
      -0.23499999999999988,
      -0.9106249999999985,
      1.0,
      0.12312500000000004,
      0.746875,
      0.19437500000000008,
      -1.5493749999999995,
      -3.6049999999999978,
      -4.323749999999998,
      -10.90874999999998,
      1.0,
      -1.5181249999999995,
      -10.520000000000005,
      0.99875,
      -4.414374999999997,
      -3.653125,
      -0.9156249999999986,
      0.15812500000000007,
      -0.8393749999999993,
      -0.9487499999999995,
      0.5281250000000001,
      0.7125000000000001,
      0.2250000000000001,
      -1.531874999999999,
      -1.8187499999999992,
      0.4468749999999999,
      -0.4099999999999997,
      0.4575,
      0.624375,
      0.998125,
      -5.272499999999995,
      -3.204999999999999,
      -3.697499999999998,
      0.10562500000000041,
      -0.9062499999999987,
      -5.490624999999996,
      -5.235624999999999,
      0.13937500000000047,
      0.8812500000000001,
      -1.7887499999999985,
      -0.1599999999999997,
      -0.5881249999999996,
      -0.4093749999999996,
      -1.5556249999999996,
      -1.061249999999999,
      0.7356250000000001,
      0.028124999999999956,
      0.675625,
      -0.08124999999999938,
      1.106875,
      0.6862500000000001,
      -0.7374999999999998,
      -0.38812499999999894,
      -1.2993749999999977,
      0.746875,
      -1.5681249999999989,
      -0.37999999999999945,
      0.33625000000000005,
      -4.559999999999997,
      -0.8568749999999992,
      -9.250625000000007,
      -0.30562500000000004,
      0.2268750000000006,
      -2.357499999999998,
      0.17437500000000006,
      0.34187500000000015,
      -1.9462500000000005,
      0.6543749999999999,
      0.890625,
      -2.203749999999999,
      -1.8837499999999987,
      -1.1443749999999984,
      -0.47874999999999956,
      0.6262500000000002,
      -0.6006249999999986,
      0.5537500000000002,
      0.5562500000000004,
      0.944375,
      0.19562500000000083,
      0.7193750000000001,
      0.8793750000000001,
      -0.27687499999999887,
      0.49937500000000024,
      -2.089999999999998,
      -0.07312499999999966,
      1.09,
      -0.10874999999999924,
      0.6087500000000001,
      0.27312500000000006,
      0.3831250000000007,
      0.8025,
      0.9681250000000001,
      1.03,
      1.053125,
      0.7593750000000002,
      -0.5487499999999996,
      0.6875000000000001,
      0.416875,
      0.7837500000000001,
      0.94375,
      0.845,
      -2.2743749999999983,
      0.885625,
      1.0,
      1.05375,
      0.8643750000000001,
      1.05125,
      1.0,
      0.9550000000000001,
      0.9825,
      0.08499999999999996,
      0.4056250000000001,
      1.051875,
      0.8537500000000001,
      1.3,
      0.4225,
      -1.098749999999999,
      -1.3743749999999988,
      -4.372499999999999,
      0.9950000000000001,
      0.2599999999999998,
      0.9843750000000001,
      0.36812500000000015,
      1.0206250000000001,
      0.8081250000000001,
      1.16125,
      0.96875,
      0.4900000000000002,
      1.1075,
      0.07437500000000019,
      0.017500000000000182,
      0.26125,
      -0.36812500000000004,
      0.6487500000000002,
      1.0493750000000002,
      0.743125,
      0.8356250000000001,
      1.07125,
      0.508125,
      0.9231250000000001,
      0.84125,
      0.98125,
      0.7450000000000001,
      0.981875,
      1.055625,
      0.890625,
      0.9981250000000002,
      0.34375000000000033,
      0.8443750000000001
    ],
    "length_history": [
      88,
      51,
      194,
      400,
      336,
      81,
      128,
      18,
      27,
      238,
      72,
      400,
      41,
      162,
      400,
      400,
      63,
      179,
      259,
      28,
      15,
      6,
      25,
      63,
      153,
      147,
      21,
      186,
      17,
      25,
      155,
      149,
      44,
      72,
      34,
      62,
      166,
      60,
      48,
      39,
      18,
      125,
      20,
      293,
      137,
      3,
      25,
      79,
      81,
      394,
      176,
      25,
      56,
      1,
      39,
      7,
      25,
      71,
      112,
      124,
      274,
      1,
      69,
      210,
      4,
      155,
      114,
      61,
      22,
      67,
      42,
      21,
      14,
      28,
      76,
      58,
      20,
      21,
      13,
      19,
      4,
      117,
      95,
      124,
      48,
      69,
      180,
      176,
      35,
      14,
      72,
      27,
      37,
      37,
      80,
      52,
      12,
      25,
      5,
      33,
      3,
      17,
      40,
      49,
      84,
      10,
      75,
      50,
      17,
      127,
      49,
      280,
      27,
      42,
      67,
      39,
      30,
      90,
      9,
      2,
      83,
      83,
      73,
      51,
      25,
      55,
      20,
      20,
      3,
      45,
      17,
      13,
      57,
      25,
      80,
      49,
      5,
      41,
      9,
      23,
      41,
      11,
      23,
      12,
      2,
      23,
      34,
      23,
      24,
      10,
      10,
      11,
      88,
      14,
      1,
      5,
      12,
      21,
      1,
      12,
      9,
      25,
      25,
      5,
      17,
      19,
      20,
      55,
      92,
      144,
      17,
      21,
      14,
      35,
      21,
      23,
      4,
      11,
      21,
      14,
      32,
      51,
      22,
      36,
      18,
      13,
      30,
      11,
      20,
      19,
      13,
      11,
      6,
      10,
      3,
      14,
      2,
      13,
      43,
      14
    ],