{
  "experiment_id": "maze_dqn_v2_seed123",
  "timestamp": "2026-02-12T06:33:37.328109",
  "training": {
    "episodes": 262,
    "mean_reward": -6.4909160305343505,
    "mean_length": 180.83587786259542,
    "best_success_rate": 0.85,
    "final_epsilon": 0.87555,
    "reward_history": [
      -2.609999999999997,
      -20.00999999999999,
      -8.500000000000012,
      -2.329999999999998,
      0.21000000000000008,
      0.51,
      -15.86999999999999,
      -16.39999999999998,
      -11.61,
      -12.709999999999994,
      -1.6699999999999995,
      -16.079999999999984,
      -9.590000000000002,
      -11.309999999999997,
      -0.8500000000000008,
      -2.539999999999995,
      -6.810000000000015,
      -10.520000000000001,
      -1.629999999999999,
      -13.019999999999989,
      -13.68999999999999,
      0.25,
      -16.489999999999988,
      -19.849999999999994,
      -15.089999999999982,
      -3.5599999999999996,
      -2.5299999999999967,
      -5.060000000000003,
      -7.6900000000000155,
      0.33000000000000007,
      -4.040000000000003,
      -14.509999999999982,
      -5.180000000000002,
      -17.689999999999987,
      0.18000000000000027,
      -17.839999999999986,
      -7.780000000000014,
      -14.599999999999982,
      -16.639999999999993,
      -0.1299999999999999,
      -8.140000000000006,
      -16.96,
      -8.980000000000004,
      -19.87,
      0.2300000000000001,
      -0.30000000000000027,
      -12.169999999999991,
      -0.1499999999999999,
      -13.889999999999985,
      -1.5199999999999978,
      -0.050000000000000044,
      -12.040000000000001,
      -0.07000000000000006,
      -18.549999999999986,
      -15.599999999999984,
      -5.730000000000006,
      -5.140000000000003,
      0.48,
      -20.17000000000001,
      -0.1499999999999999,
      -5.360000000000006,
      -15.549999999999983,
      -2.3099999999999974,
      -13.239999999999997,
      -5.290000000000007,
      1.0,
      -11.219999999999997,
      -0.3600000000000003,
      -1.8699999999999988,
      -5.480000000000006,
      -1.1,
      -3.8999999999999986,
      0.2200000000000002,
      -6.8900000000000166,
      1.04,
      0.88,
      0.6199999999999999,
      -1.7599999999999976,
      -4.920000000000003,
      -16.399999999999995,
      -0.009999999999999787,
      -2.0199999999999982,
      -2.0199999999999987,
      0.19999999999999996,
      -1.2199999999999993,
      -2.5499999999999976,
      -4.290000000000003,
      0.89,
      -9.910000000000005,
      -0.3500000000000003,
      -8.05000000000002,
      0.8200000000000001,
      -3.049999999999997,
      -3.1299999999999963,
      -16.10999999999999,
      -0.5800000000000003,
      -7.320000000000023,
      -1.4499999999999997,
      -18.230000000000004,
      -2.6999999999999966,
      -7.650000000000016,
      -4.700000000000004,
      -12.969999999999992,
      -2.489999999999996,
      -2.009999999999999,
      -5.070000000000005,
      -2.5999999999999974,
      0.51,
      -7.29000000000001,
      -1.839999999999999,
      1.04,
      -1.06,
      -10.480000000000002,
      -0.5000000000000002,
      -12.869999999999996,
      0.72,
      -12.249999999999998,
      -12.070000000000002,
      -6.000000000000009,
      -14.569999999999986,
      -2.449999999999996,
      -6.290000000000008,
      -5.080000000000008,
      -5.640000000000007,
      -4.8500000000000005,
      -5.55000000000001,
      0.2300000000000001,
      -8.180000000000014,
      0.41999999999999993,
      -8.840000000000012,
      -7.290000000000013,
      -4.290000000000005,
      -16.309999999999985,
      -3.269999999999998,
      -18.249999999999982,
      -0.8300000000000005,
      -4.830000000000006,
      -2.6099999999999977,
      -3.9299999999999997,
      -9.390000000000008,
      -2.3099999999999987,
      -16.779999999999983,
      -15.189999999999987,
      -2.699999999999995,
      -5.720000000000012,
      1.08,
      0.41999999999999993,
      -14.859999999999976,
      -9.720000000000004,
      0.5800000000000001,
      -8.440000000000007,
      0.88,
      -6.030000000000012,
      -5.3200000000000065,
      -2.3499999999999965,
      -13.259999999999994,
      -10.789999999999997,
      -17.31999999999999,
      -16.329999999999988,
      -16.109999999999985,
      -11.559999999999995,
      -10.510000000000007,
      -6.240000000000012,
      -9.470000000000002,
      -0.8400000000000007,
      -5.070000000000009,
      -13.019999999999994,
      -17.78,
      0.2300000000000001,
      0.51,
      -16.13,
      -13.71999999999999,
      -2.409999999999998,
      0.0800000000000003,
      -0.8800000000000006,
      -4.410000000000005,
      0.14000000000000024,
      -4.450000000000003,
      -1.8899999999999966,
      -6.270000000000008,
      -17.63,
      -10.800000000000004,
      -2.1299999999999963,
      0.97,
      -7.000000000000016,
      -5.08,
      -1.12,
      -14.71999999999999,
      -6.830000000000021,
      1.0,
      -12.779999999999992,
      0.78,
      -1.2900000000000005,
      -0.9700000000000002,
      -16.159999999999975,
      -2.369999999999995,
      -2.2699999999999982,
      -13.349999999999993,
      0.27,
      -11.799999999999995,
      -13.73999999999999,
      -16.259999999999987,
      -17.249999999999996,
      -13.949999999999994,
      -5.330000000000009,
      -16.799999999999986,
      -15.009999999999991,
      -10.990000000000006,
      1.04,
      -15.489999999999986,
      -16.61999999999999,
      0.9299999999999999,
      -8.060000000000013,
      -2.6299999999999972,
      -6.700000000000015,
      -5.090000000000006,
      -1.2800000000000002,
      -0.3300000000000003,
      -7.91000000000002,
      -8.940000000000007,
      -2.1299999999999977,
      -19.069999999999993,
      -3.4999999999999982,
      -1.6499999999999981,
      -7.650000000000006,
      -4.730000000000002,
      -14.429999999999993,
      0.4500000000000003,
      0.4600000000000001,
      -1.999999999999993,
      -9.290000000000006,
      -12.469999999999995,
      -2.1799999999999966,
      0.5,
      -9.950000000000003,
      -1.1799999999999997,
      -16.339999999999996,
      -6.000000000000011,
      0.5700000000000001,
      -3.8800000000000017,
      0.48,
      -7.860000000000008,
      -8.650000000000011,
      -3.309999999999998,
      0.71,
      -1.8799999999999972,
      -2.5099999999999962,
      1.06,
      -3.6099999999999994,
      -16.44999999999998,
      -1.1299999999999994,
      0.87,
      0.56,
      -5.640000000000008,
      -3.2599999999999953,
      -6.1000000000000085,
      -14.339999999999991,
      -2.5999999999999974,
      -12.289999999999997,
      -0.7700000000000002,
      0.14000000000000024,
      -3.849999999999998
    ],