{
  "experiment_id": "maze_dqn_v2_seed42",
  "timestamp": "2026-02-12T16:56:45.990475",
  "training": {
    "episodes": 200,
    "mean_reward": -2.3368718750000004,
    "mean_length": 78.41,
    "best_success_rate": 0.95,
    "final_epsilon": 0.525,
    "reward_history": [
      -3.6699999999999973,
      -2.7118749999999983,
      -2.6199999999999997,
      -20.698125,
      -14.294375,
      -2.268125,
      -0.14187499999999997,
      1.0,
      -5.086249999999997,
      -24.794374999999985,
      -14.46937500000001,
      -6.792499999999998,
      -11.897499999999972,
      1.053125,
      -20.693124999999984,
      -3.4706249999999983,
      -3.9781249999999977,
      -14.564375000000002,
      -3.1174999999999997,
      -8.035625000000001,
      -3.2956250000000002,
      -17.442499999999995,
      -17.714375000000025,
      -4.8593749999999964,
      -4.144375000000001,
      -12.483749999999999,
      -5.466249999999997,
      0.7675000000000001,
      -3.9593749999999996,
      -11.801250000000012,
      0.834375,
      -3.668124999999999,
      -17.51312500000005,
      -14.659374999999992,
      -7.663124999999999,
      -2.5237499999999984,
      -2.1043749999999983,
      0.023749999999999938,
      -5.1575,
      -9.018125000000003,
      -3.2906250000000004,
      -12.337500000000015,
      0.7193750000000001,
      -1.3424999999999994,
      -4.443749999999997,
      -6.458749999999999,
      -3.0231250000000003,
      -7.057499999999997,
      -17.29187499999999,
      -6.240000000000002,
      0.7112499999999999,
      0.3812500000000001,
      0.4437500000000001,
      -0.6849999999999992,
      -1.0687499999999992,
      -1.4637499999999992,
      1.16125,
      -1.055625,
      -2.941874999999998,
      -2.74125,
      -0.2131249999999998,
      -13.711874999999997,
      0.890625,
      -1.4274999999999989,
      0.30625,
      -8.09062499999998,
      -8.443749999999996,
      0.30999999999999994,
      1.053125,
      -0.345,
      -1.370625,
      0.73,
      0.266875,
      0.71625,
      -1.0624999999999987,
      -0.37062499999999954,
      -11.161875000000004,
      -7.089374999999995,
      0.770625,
      -2.7537500000000006,
      -18.46937500000002,
      1.09,
      0.38937500000000014,
      0.658125,
      0.3600000000000001,
      1.053125,
      0.6012500000000001,
      -16.47875000000003,
      0.01375000000000004,
      -0.37999999999999967,
      -0.9468749999999997,
      1.0,
      -0.7724999999999995,
      0.520625,
      -2.805624999999997,
      -1.7206249999999996,
      0.2868750000000003,
      -2.5456249999999994,
      -19.17687500000004,
      -0.17812499999999942,
      -0.02437499999999959,
      -15.468750000000012,
      -0.6881249999999997,
      -3.5931249999999952,
      -0.25749999999999873,
      -0.29000000000000004,
      0.9075000000000001,
      -0.9712499999999995,
      -3.349999999999996,
      0.6525000000000001,
      -0.968124999999999,
      0.06625000000000003,
      1.0,
      0.931875,
      -2.2412499999999995,
      -0.4106249999999998,
      0.9237500000000001,
      -3.171875,
      -0.16249999999999987,
      -0.2881249999999995,
      -0.17124999999999968,
      1.064375,
      -0.6174999999999997,
      -0.9331249999999991,
      0.4381250000000001,
      -0.007500000000000062,
      1.334375,
      0.695625,
      -0.30124999999999913,
      0.7075000000000001,
      0.5768750000000001,
      0.4543750000000004,
      -0.1781249999999992,
      0.030624999999999902,
      0.3881250000000005,
      0.99875,
      0.685,
      0.8400000000000001,
      0.3487500000000002,
      0.33250000000000035,
      1.106875,
      1.05,
      0.99375,
      0.5112500000000001,
      0.763125,
      -0.6056249999999992,
      0.19437500000000008,
      1.053125,
      0.44750000000000023,
      0.5831250000000001,
      0.2862500000000001,
      0.4512500000000004,
      0.971875,
      0.8925,
      1.025625,
      -0.732499999999999,
      -0.2006249999999994,
      0.6843750000000001,
      0.3287500000000002,
      -0.3362499999999995,
      1.0625,
      0.919375,
      0.5818749999999999,
      -0.5856249999999996,
      0.7675000000000001,
      0.9025,
      -2.6031249999999986,
      0.7243750000000001,
      1.106875,
      1.1487500000000002,
      1.2068750000000001,
      -0.1468749999999992,
      0.14812499999999995,
      0.1468750000000002,
      0.1893750000000003,
      0.70625,
      0.3343750000000001,
      1.02875,
      0.879375,
      0.3818750000000001,
      1.21625,
      1.0,
      1.075625,
      0.9893750000000001,
      0.3106250000000004,
      1.2012500000000002,
      0.5137500000000002,
      0.860625,
      0.975625,
      1.106875,
      0.0037500000000010303,
      1.10125,
      0.918125,
      1.164375,
      1.37625,
      0.7993750000000001,
      -2.3537499999999993,
      1.1825,
      0.725625,
      0.4293750000000002
    ],
    "length_history": [
      84,
      76,
      71,
      400,
      299,
      62,
      20,
      1,
      140,
      400,
      282,
      154,
      240,
      2,
      400,
      119,
      120,
      340,
      84,
      180,
      94,
      400,
      352,
      112,
      124,
      278,
      141,
      8,
      149,
      261,
      4,
      107,
      400,
      361,
      127,
      90,
      85,
      20,
      131,
      237,
      75,
      307,
      13,
      68,
      153,
      200,
      73,
      183,
      400,
      143,
      29,
      17,
      21,
      58,
      44,
      41,
      4,
      39,
      92,
      103,
      37,
      321,
      2,
      58,
      29,
      187,
      233,
      11,
      2,
      14,
      77,
      6,
      16,
      9,
      54,
      25,
      238,
      184,
      9,
      94,
      400,
      5,
      18,
      7,
      15,
      2,
      11,
      400,
      22,
      33,
      35,
      1,
      74,
      26,
      111,
      90,
      25,
      96,
      400,
      32,
      43,
      400,
      48,
      123,
      53,
      29,
      18,
      53,
      120,
      28,
      42,
      31,
      1,
      8,
      81,
      46,
      13,
      115,
      35,
      30,
      33,
      11,
      31,
      53,
      20,
      28,
      10,
      15,
      43,
      19,
      31,
      32,
      45,
      37,
      34,
      4,
      19,
      19,
      32,
      47,
      3,
      15,
      13,
      23,
      8,
      51,
      34,
      2,
      27,
      13,
      31,
      31,
      15,
      8,
      15,
      65,
      50,
      12,
      35,
      35,
      12,
      10,
      19,
      52,
      37,
      12,
      83,
      20,
      3,
      9,
      10,
      45,
      29,
      23,
      41,
      15,
      19,
      12,
      8,
      24,
      5,
      1,
      15,
      17,
      30,
      16,
      26,
      26,
      12,
      3,
      54,
      11,
      10,
      7,
      13,
      8,
      92,
      14,
      17,
      29
    ],