{
  "experiment_id": "maze_dqn_v2_phase2_seed42",
  "timestamp": "2026-02-14T20:44:09.305281",
  "training": {
    "episodes": 4500,
    "mean_reward": -11.133194210471048,
    "mean_length": 137.94155555555557,
    "best_success_rate": 0.686,
    "final_epsilon": 0.02
  },
  "evaluation": {
    "episodes": 100,
    "success_rate": 0.12,
    "mean_reward": -17.447662274265287,
    "mean_length": 177.29,
    "reward_std": 7.818919493950803,
    "length_std": 61.647270012548006,
    "reward_p25": -22.64125000000002,
    "reward_p50": -21.852524757385254,
    "reward_p75": -12.972184896469116,
    "length_p25": 200.0,
    "length_p50": 200.0,
    "length_p75": 200.0
  }
}