{
  "experiment_id": "maze_dqn_v1_seed999",
  "timestamp": "2026-02-12T04:02:03.963428",
  "training": {
    "episodes": 100,
    "mean_reward": -2.8947999999999956,
    "mean_length": 78.63,
    "best_success_rate": 1.0,
    "final_epsilon": 0.81,
    "reward_history": [
      -7.729999999999972,
      -17.55000000000001,
      -23.43000000000015,
      -6.34999999999998,
      -9.649999999999967,
      -6.969999999999977,
      -4.669999999999989,
      -0.7100000000000006,
      -1.0100000000000002,
      -1.3900000000000001,
      0.17000000000000004,
      -0.8500000000000008,
      -9.549999999999965,
      -0.7300000000000006,
      -4.849999999999987,
      -8.349999999999971,
      -1.2500000000000004,
      -13.169999999999947,
      -12.869999999999948,
      -1.27,
      -0.6500000000000006,
      -0.47000000000000064,
      -5.829999999999981,
      -0.15000000000000013,
      -3.0099999999999962,
      -0.17000000000000015,
      -4.989999999999985,
      -1.909999999999997,
      -1.23,
      -1.3099999999999992,
      -1.23,
      -0.4700000000000004,
      -2.5899999999999985,
      -7.3499999999999766,
      0.16999999999999993,
      -2.250000000000001,
      -10.80999999999996,
      0.29000000000000004,
      -2.2299999999999986,
      -5.169999999999981,
      0.37,
      -0.13000000000000012,
      -1.21,
      -3.789999999999992,
      -1.0500000000000007,
      -2.6299999999999977,
      -1.189999999999999,
      -6.369999999999977,
      -4.449999999999989,
      -8.449999999999967,
      -1.0900000000000003,
      -0.20999999999999996,
      0.3699999999999999,
      -0.15000000000000036,
      -3.5099999999999962,
      -0.9900000000000009,
      -4.489999999999988,
      -0.8300000000000007,
      -5.189999999999986,
      -1.0300000000000007,
      -4.429999999999994,
      -2.1899999999999977,
      -2.749999999999996,
      -0.37000000000000033,
      -3.749999999999994,
      -1.2499999999999987,
      -13.369999999999946,
      -6.66999999999998,
      -0.1100000000000001,
      -0.7700000000000007,
      -5.0899999999999865,
      0.20999999999999996,
      -0.7500000000000007,
      -0.15000000000000036,
      0.010000000000000009,
      -3.069999999999996,
      0.13,
      0.01000000000000012,
      -0.3100000000000003,
      -0.7300000000000006,
      -1.9700000000000006,
      0.10999999999999999,
      -0.2500000000000002,
      -0.07000000000000006,
      -1.1300000000000003,
      0.61,
      -1.6299999999999986,
      -0.3100000000000003,
      0.04999999999999993,
      -0.7900000000000007,
      -2.049999999999999,
      -1.3099999999999996,
      -0.39000000000000035,
      -2.0700000000000003,
      -2.1099999999999994,
      -0.7300000000000006,
      -0.4300000000000004,
      -0.29000000000000026,
      0.010000000000000009,
      0.22999999999999998
    ],
    "length_history": [
      163,
      362,
      446,
      142,
      184,
      150,
      109,
      37,
      40,
      42,
      21,
      42,
      192,
      39,
      118,
      171,
      55,
      275,
      254,
      48,
      31,
      40,
      144,
      35,
      87,
      28,
      123,
      67,
      44,
      43,
      53,
      31,
      81,
      152,
      21,
      56,
      210,
      18,
      72,
      141,
      19,
      24,
      51,
      102,
      35,
      85,
      58,
      162,
      123,
      208,
      39,
      23,
      19,
      35,
      83,
      38,
      109,
      40,
      125,
      51,
      94,
      68,
      79,
      39,
      89,
      55,
      268,
      138,
      22,
      34,
      115,
      17,
      32,
      35,
      19,
      93,
      25,
      19,
      24,
      39,
      55,
      18,
      27,
      27,
      43,
      13,
      75,
      33,
      24,
      36,
      63,
      43,
      32,
      65,
      60,
      39,
      27,
      31,
      28,
      24
    ],
    "success_history": [
      1,
      1,
      1,
      1,
      1,
      1,
      1,
      1,
      1,
      1,
      1,
      1,
      1,
      1,
      1,
      1,
      1,
      1,
      1,
      1,
      1,
      1,
      1,
      1,
      1,
      1,
      1,
      1,
      1,
      1,
      1,
      1,
      1,
      1,
      1,
      1,
      1,
      1,
      1,
      1,
      1,
      1,
      1,
      1,
      1,
      1,
      1,
      1,
      1,
      1,
      1,
      1,
      1,
      1,
      1,
      1,
      1,
      1,
      1,
      1,
      1,
      1,
      1,
      1,
      1,
      1,
      1,
      1,
      1,
      1,
      1,
      1,
      1,
      1,
      1,
      1,
      1,
      1,
      1,
      1,
      1,
      1,
      1,
      1,
      1,
      1,
      1,
      1,
      1,
      1,
      1,
      1,
      1,
      1,
      1,
      1,
      1,
      1,
      1,
      1
    ],
    "loss_history": [
      0.0005196652513404842,
      0.0018374367842846453,
      0.0005747294762637271,
      0.003057402017901322,
      0.000669672262297947,
      0.00014737159460006903,
      8.630614233921616e-05,
      0.008906910055417471,
      0.0017160696210339666,
      0.0003729768771639404,
      0.00020591332923643115,
      0.00011612941541118613,
      5.173986532488092e-05,
      2.6847207255998048e-05,
      0.004394105035509587,
      0.0019693056100874603,
      0.00027890928084327077,
      0.0023995781580081464,
      0.00145896548837493,
      0.00013781637759772517,
      0.00010177608736182353,
      7.36983769456856e-05,
      0.004416892681054681,
      0.0011137827665412,
      0.0003315743441785814,
      0.00011191535785266231,
      5.440474762316278e-05,
      2.7884855232663703e-05,
      1.8559343040826867e-05,
      1.5814299849596356e-05,
      0.008466722978053714,
      0.002437641939914395,
      0.000396978552022052,
      0.0001257026123743057,
      6.507313290577648e-05,
      5.376951620356911e-05,
      0.0011873498914697154,
      4.35953041030896e-05,
      2.737432866221449e-05,
      1.3100977515455431e-05,
      9.313506109863642e-06,
      8.196661781312287e-06,
      6.4048585954878945e-06,
      4.190369803408805e-06,
      0.0019148737341830773,
      5.692547350490178e-05,
      1.0698077968017655e-05,
      6.235145428664835e-06,
      4.846706905097777e-06,
      7.602528015673635e-06,
      1.7844067507702186e-06,
      1.8273571205772106e-06,
      1.681789716425747e-06,
      1.258062414828081e-06,
      1.0728659800455913e-06,
      1.038577310608664e-06,
      5.172722727739302e-06,
      7.260262157160468e-06,
      1.5633151317615557e-06,
      7.065840218631053e-07,
      4.1876142300350963e-07,
      3.4308395371721527e-07,
      2.8671993737888546e-07,
      9.355281889793623e-06,
      4.2143376874540415e-06,
      1.1933549609983113e-06,
      4.4249324557390437e-07,
      2.120014445939594e-06,
      3.411705277885217e-07,
      2.881423689453132e-07,
      1.6961647659741174e-07,
      9.54671754982428e-08,
      9.904664305393496e-08,
      7.674263957012175e-08,
      7.533269895606952e-08,
      7.495764918679905e-08,
      4.0152611475718916e-08,
      6.00118381187617e-08,
      7.117134874038793e-08,
      3.284946290321864e-06,
      7.085052304360447e-07,
      3.8701726623457944e-07,
      1.375996149285449e-07,
      5.7300034215388595e-08,
      4.3977138994998924e-08,
      5.673838875653613e-08,
      3.4147405033972216e-08,
      8.735837120354972e-08,
      6.516244877019517e-08,
      3.547522473310336e-08,
      3.325760111749787e-08,
      1.9856616301604332e-07,
      1.2585647564122837e-06,
      1.7282130373202492e-06,
      1.1580044137815547e-06,
      3.2674068688283324e-07,
      4.949057060133344e-07,
      3.5677546835146247e-07,
      9.98945160241809e-08,
      3.9381509135220466e-07
    ]
  },
  "evaluation": {
    "episodes": 100,
    "success_rate": 1.0,
    "mean_reward": 0.9300000000000002,
    "mean_length": 8.0,
    "reward_std": 2.220446049250313e-16,
    "length_std": 0.0,