{
  "experiment_id": "maze_dqn_v2_phase2_seed42",
  "timestamp": "2026-02-15T20:42:39.160350",
  "training": {
    "episodes": 5000,
    "mean_reward": -1.8108979011240005,
    "mean_length": 46.7576,
    "best_success_rate": 0.994,
    "final_epsilon": 0.05
  },
  "evaluation": {
    "episodes": 100,
    "success_rate": 1.0,
    "mean_reward": 1.5775001049041748,
    "mean_length": 16.0,
    "reward_std": 0.0,
    "length_std": 0.0,
    "reward_p25": 1.5775001049041748,
    "reward_p50": 1.5775001049041748,
    "reward_p75": 1.5775001049041748,
    "length_p25": 16.0,
    "length_p50": 16.0,
    "length_p75": 16.0
  }
}