{
  "experiment_id": "maze_dqn_v2_phase2_seed42",
  "timestamp": "2026-02-17T05:56:27.891515",
  "training": {
    "episodes": 5000,
    "mean_reward": 2.173147146333813,
    "mean_length": 40.611,
    "best_success_rate": 1.0,
    "final_epsilon": 0.1,
    "final_curriculum_level": 1
  },
  "evaluation": {
    "episodes": 100,
    "success_rate": 0.99,
    "mean_reward": 4.661631250044704,
    "mean_length": 7.73,
    "reward_std": 2.7743672714715304,
    "length_std": 19.53604617111661,
    "reward_p25": 4.913437502235174,
    "reward_p50": 4.940625,
    "reward_p75": 4.97625,
    "length_p25": 3.0,
    "length_p50": 6.0,
    "length_p75": 8.0
  }
}