{
  "experiment_id": "maze_dqn_v2_seed42",
  "timestamp": "2026-02-12T19:48:07.360138",
  "training": {
    "episodes": 200,
    "mean_reward": -18.17609687500002,
    "mean_length": 135.565,
    "best_success_rate": 0.855,
    "final_epsilon": 0.525,
    "reward_history": [
      -41.39937500000006,
      -1.556874999999999,
      -21.310624999999987,
      -52.27687500000003,
      -2.0699999999999994,
      0.8018750000000001,
      -1.3993749999999991,
      -1.8418750000000004,
      -2.5662499999999993,
      -22.673750000000034,
      0.04062500000000013,
      0.733125,
      -12.506249999999996,
      -3.579374999999999,
      -3.248125,
      0.88625,
      0.630625,
      -27.95875000000001,
      -30.346875000000004,
      0.91,
      0.7612500000000001,
      0.499375,
      -1.9437499999999996,
      -59.62812499999999,
      -2.674374999999999,
      -6.679999999999997,
      0.5650000000000002,
      -0.40249999999999964,
      -9.2525,
      1.0525,
      -2.4012499999999997,
      0.48312500000000025,
      -51.128750000000025,
      -4.00875,
      -13.09625,
      0.4375,
      -9.249999999999996,
      -1.7287499999999998,
      -5.1343749999999995,
      -73.22062500000015,
      0.048125000000000084,
      -10.390625000000002,
      -5.8024999999999975,
      -7.505000000000001,
      1.126875,
      -27.63625,
      -7.0443750000000005,
      -84.44187500000007,
      1.16125,
      -4.451249999999998,
      -0.3837499999999998,
      0.44937499999999986,
      -6.431874999999998,
      0.7887500000000002,
      -67.25250000000003,
      -2.369375,
      -0.43749999999999956,
      -43.499375000000036,
      0.986875,
      -7.001250000000002,
      -4.033749999999999,
      -1.0149999999999992,
      -7.808124999999995,
      0.2400000000000001,
      -0.6499999999999995,
      -6.914375000000004,
      -3.518124999999997,
      -1.4549999999999996,
      0.8718750000000001,
      -17.765624999999993,
      1.053125,
      -0.946874999999999,
      -3.435624999999998,
      -30.372500000000006,
      -56.81687499999999,
      0.8868750000000001,
      -29.13375000000001,
      -0.17062499999999958,
      0.073125,
      -49.16562500000001,
      -15.086875000000003,
      -19.125625000000003,
      -98.61250000000037,
      -3.183749999999999,
      -5.8737499999999985,
      1.016875,
      -44.70187500000008,
      -1.964375,
      -1.7224999999999997,
      -0.8768749999999994,
      -16.736250000000002,
      -78.89000000000004,
      -71.60625000000012,
      -4.743125000000001,
      1.0,
      -1.9587499999999998,
      0.5381250000000002,
      -1.129999999999999,
      0.998125,
      -73.50437500000014,
      -0.8481249999999996,
      -3.102499999999999,
      -42.029999999999994,
      -0.9143749999999993,
      1.431875,
      -2.5006249999999985,
      0.684375,
      1.27375,
      -3.9537499999999994,
      0.9381250000000001,
      -89.95000000000019,
      -26.956874999999993,
      -20.157500000000002,
      -4.184999999999999,
      0.94375,
      -0.6162499999999993,
      1.16125,
      -1.40875,
      0.9325000000000001,
      -27.262500000000003,
      -93.82562500000026,
      -55.63687500000015,
      -0.13687499999999964,
      0.816875,
      -0.6718749999999993,
      0.478125,
      -37.36937500000002,
      -7.541249999999996,
      1.131875,
      -0.08125000000000004,
      -15.756250000000005,
      -49.04250000000004,
      -97.64500000000018,
      -2.1087500000000015,
      0.846875,
      -14.686250000000006,
      -4.385625000000002,
      0.060625000000000484,
      -17.636874999999996,
      -17.82375000000002,
      0.45499999999999996,
      -7.468125000000002,
      -10.540000000000001,
      1.106875,
      -47.882499999999915,
      -4.62,
      0.2768750000000001,
      -19.781249999999996,
      -22.203749999999985,
      0.5918750000000002,
      -128.75875000000016,
      -51.985625000000056,
      -96.52812500000009,
      -0.7568749999999995,
      1.4425000000000001,
      -38.02500000000001,
      -91.4231250000003,
      1.053125,
      -53.7175,
      -69.19062500000011,
      0.7668750000000001,
      -29.28187500000002,
      0.853125,
      -93.69125000000008,
      0.895,
      -0.8437499999999993,
      -4.736249999999999,
      -10.143749999999999,
      -2.1368750000000003,
      -6.550624999999999,
      -57.56312500000003,
      -1.8118749999999992,
      0.944375,
      -10.323749999999997,
      -3.7200000000000015,
      -13.366875000000004,
      -0.12249999999999961,
      -2.0506250000000006,
      -90.78125000000011,
      -101.44812500000027,
      -106.21812500000016,
      -89.90312500000012,
      -11.456875000000002,
      0.7406250000000001,
      -18.46874999999998,
      -19.570625000000007,
      -0.30562500000000004,
      -1.573125,
      -21.997500000000024,
      1.0,
      0.7131250000000001,
      0.940625,
      -90.28625000000018,
      -5.5362499999999955,
      1.13125,
      -26.224375000000016,
      -155.05437499999996,
      0.82625,
      -2.2425000000000006,
      -27.32124999999999
    ],
    "length_history": [
      400,
      48,
      255,
      400,
      58,
      19,
      56,
      50,
      70,
      265,
      24,
      14,
      192,
      88,
      78,
      5,
      9,
      265,
      303,
      13,
      11,
      10,
      55,
      400,
      71,
      136,
      19,
      32,
      141,
      5,
      84,
      22,
      400,
      50,
      147,
      22,
      140,
      66,
      89,
      400,
      27,
      159,
      110,
      119,
      6,
      224,
      133,
      400,
      4,
      101,
      38,
      16,
      96,
      23,
      400,
      55,
      24,
      313,
      9,
      119,
      87,
      49,
      121,
      26,
      34,
      102,
      89,
      51,
      13,
      208,
      2,
      41,
      81,
      309,
      400,
      7,
      219,
      38,
      36,
      400,
      201,
      183,
      400,
      66,
      103,
      10,
      280,
      63,
      34,
      42,
      247,
      400,
      400,
      88,
      1,
      65,
      24,
      44,
      4,
      400,
      58,
      85,
      292,
      46,
      19,
      51,
      13,
      9,
      85,
      11,
      400,
      222,
      170,
      108,
      3,
      40,
      4,
      52,
      14,
      276,
      400,
      368,
      35,
      9,
      39,
      12,
      218,
      110,
      9,
      20,
      217,
      400,
      400,
      44,
      10,
      158,
      85,
      30,
      209,
      212,
      12,
      138,
      158,
      3,
      400,
      81,
      21,
      173,
      222,
      16,
      400,
      284,
      400,
      45,
      9,
      372,
      400,
      2,
      276,
      400,
      8,
      273,
      4,
      400,
      6,
      33,
      80,
      91,
      47,
      81,
      400,
      62,
      3,
      134,
      65,
      171,
      21,
      40,
      400,
      400,
      400,
      400,
      135,
      19,
      154,
      222,
      30,
      60,
      183,
      1,
      11,
      6,
      337,
      88,
      12,
      206,
      400,
      10,
      64,
      245
    ],