{
  "episodes": 200,
  "success_rate": 1.0,
  "mean_reward": 1.5006250143051147,
  "mean_length": 22.0,
  "reward_std": 0.0,
  "length_std": 0.0,
  "reward_p25": 1.5006250143051147,
  "reward_p50": 1.5006250143051147,
  "reward_p75": 1.5006250143051147,
  "length_p25": 22.0,
  "length_p50": 22.0,
  "length_p75": 22.0
}