{
  "episodes": 200,
  "success_rate": 0.75,
  "mean_reward": 0.17417500000000025,
  "mean_length": 104.5,
  "reward_std": 1.8553035221275116,
  "length_std": 170.62757690361778,
  "reward_p25": 0.5312500000000048,
  "reward_p50": 1.1443750000000001,
  "reward_p75": 1.271875,
  "length_p25": 4.0,
  "length_p50": 7.5,
  "length_p75": 110.5
}