{
  "episodes": 200,
  "success_rate": 1.0,
  "mean_reward": 4.845624999999999,
  "mean_length": 14.0,
  "reward_std": 8.881784197001252e-16,
  "length_std": 0.0,
  "reward_p25": 4.845625,
  "reward_p50": 4.845625,
  "reward_p75": 4.845625,
  "length_p25": 14.0,
  "length_p50": 14.0,
  "length_p75": 14.0
}