{
  "episodes": 200,
  "success_rate": 0.53,
  "mean_reward": -34.41434547767644,
  "mean_length": 192.9,
  "reward_std": 111.18301501732466,
  "length_std": 195.07460111454796,
  "reward_p25": -42.25674057006836,
  "reward_p50": 0.9596875143051147,
  "reward_p75": 1.16125,
  "length_p25": 8.0,
  "length_p50": 19.0,
  "length_p75": 400.0
}