{
  "episodes": 200,
  "success_rate": 0.765,
  "mean_reward": -8.929105900764494,
  "mean_length": 100.665,
  "reward_std": 18.307789259547782,
  "length_std": 165.98235681842814,
  "reward_p25": 0.9609375149011612,
  "reward_p50": 1.1418750286102295,
  "reward_p75": 1.27609375,
  "length_p25": 6.0,
  "length_p50": 10.0,
  "length_p75": 23.0
}