{
  "episodes": 200,
  "success_rate": 0.99,
  "mean_reward": 0.8422593849897402,
  "mean_length": 11.87,
  "reward_std": 3.7176667216120225,
  "length_std": 39.40574958048635,
  "reward_p25": 1.096875,
  "reward_p50": 1.19625,
  "reward_p75": 1.2981250000000002,
  "length_p25": 4.75,
  "length_p50": 7.0,
  "length_p75": 10.0
}