{
  "experiment_id": "maze_dqn_v1_seed123",
  "episodes": [
    1,
    2,
    3,
    4,
    5,
    6,
    7,
    8,
    9,
    10,
    11,
    12,
    13,
    14,
    15,
    16,
    17,
    18,
    19,
    20,
    21,
    22,
    23,
    24,
    25,
    26,
    27,
    28,
    29,
    30,
    31,
    32,
    33,
    34,
    35,
    36,
    37,
    38,
    39,
    40,
    41,
    42,
    43,
    44,
    45,
    46,
    47,
    48,
    49,
    50,
    51,
    52,
    53,
    54,
    55,
    56,
    57,
    58,
    59,
    60,
    61,
    62,
    63,
    64,
    65,
    66,
    67,
    68,
    69,
    70,
    71,
    72,
    73,
    74,
    75,
    76,
    77,
    78,
    79,
    80,
    81,
    82,
    83,
    84,
    85,
    86,
    87,
    88,
    89,
    90,
    91,
    92,
    93,
    94,
    95,
    96,
    97,
    98,
    99,
    100
  ],
  "reward": [
    -26.27000000000022,
    -5.6099999999999834,
    -2.929999999999997,
    -10.169999999999963,
    -0.2500000000000002,
    -24.69000000000021,
    -13.209999999999948,
    -14.789999999999939,
    -3.269999999999997,
    -0.8300000000000007,
    -3.4299999999999935,
    -1.0500000000000007,
    -1.75,
    -11.049999999999956,
    -0.9300000000000008,
    -0.8700000000000008,
    -7.489999999999975,
    -6.889999999999978,
    -5.8699999999999815,
    -10.129999999999962,
    -5.089999999999989,
    -10.309999999999961,
    -2.15,
    -7.549999999999976,
    -0.9100000000000008,
    -2.3699999999999983,
    -0.37000000000000033,
    -3.689999999999994,
    -1.4300000000000006,
    -2.0299999999999985,
    -11.389999999999953,
    -8.709999999999969,
    -1.9299999999999988,
    0.10999999999999988,
    -4.149999999999992,
    -2.8899999999999957,
    -3.2099999999999973,
    -2.1100000000000003,
    -7.109999999999976,
    -3.3899999999999952,
    -1.5899999999999994,
    -3.2499999999999964,
    -10.449999999999955,
    -6.149999999999975,
    -0.5700000000000005,
    -4.32999999999999,
    -5.269999999999985,
    -3.229999999999994,
    -1.1099999999999999,
    -0.4500000000000004,
    -0.8900000000000008,
    -0.050000000000000044,
    -11.709999999999953,
    0.18999999999999995,
    0.009999999999999898,
    -0.7700000000000007,
    0.19000000000000006,
    -0.09000000000000008,
    -4.849999999999989,
    -0.7500000000000007,
    -0.49000000000000044,
    -3.909999999999995,
    -1.7699999999999996,
    -2.3499999999999988,
    -0.03000000000000025,
    -1.3300000000000005,
    -1.1100000000000003,
    -0.8300000000000007,
    -4.689999999999986,
    -5.429999999999983,
    -2.129999999999997,
    0.15000000000000002,
    -0.8700000000000008,
    -0.39000000000000035,
    -0.7900000000000007,
    0.06999999999999995,
    -2.309999999999997,
    -1.9099999999999984,
    -1.6299999999999977,
    -0.17000000000000015,
    -0.6500000000000006,
    -0.8500000000000008,
    -2.249999999999998,
    -1.1900000000000008,
    -1.9900000000000002,
    -2.689999999999998,
    0.61,
    -1.6699999999999973,
    -1.4500000000000002,
    -2.3299999999999987,
    -0.7900000000000007,
    -1.4699999999999998,
    -1.2100000000000004,
    -0.8500000000000008,
    -1.8899999999999997,
    0.39,
    0.06999999999999995,
    -3.349999999999997,
    -2.7699999999999965,
    -2.4699999999999975
  ],
  "length": [
    478,
    122,
    70,
    200,
    27,
    473,
    252,
    284,
    86,
    40,
    93,
    35,
    60,
    225,
    41,
    35,
    166,
    142,
    130,
    205,
    115,
    214,
    64,
    163,
    39,
    59,
    30,
    92,
    46,
    61,
    241,
    189,
    60,
    27,
    93,
    93,
    80,
    51,
    146,
    89,
    44,
    75,
    246,
    176,
    32,
    111,
    124,
    91,
    41,
    29,
    46,
    25,
    246,
    19,
    37,
    43,
    19,
    20,
    109,
    41,
    33,
    87,
    62,
    66,
    32,
    54,
    41,
    49,
    120,
    140,
    71,
    23,
    53,
    32,
    36,
    22,
    71,
    67,
    66,
    28,
    40,
    42,
    65,
    40,
    66,
    82,
    13,
    61,
    48,
    73,
    54,
    50,
    51,
    42,
    56,
    17,
    22,
    85,
    90,
    69
  ],
  "success": [
    1,
    1,
    1,
    1,
    1,
    1,
    1,
    1,
    1,
    1,
    1,
    1,
    1,
    1,
    1,
    1,
    1,
    1,
    1,
    1,
    1,
    1,
    1,
    1,
    1,
    1,
    1,
    1,
    1,
    1,
    1,
    1,
    1,
    1,
    1,
    1,
    1,
    1,
    1,
    1,
    1,
    1,
    1,
    1,
    1,
    1,
    1,
    1,
    1,
    1,
    1,
    1,
    1,
    1,
    1,
    1,
    1,
    1,
    1,
    1,
    1,
    1,
    1,
    1,
    1,
    1,
    1,
    1,
    1,
    1,
    1,
    1,
    1,
    1,
    1,
    1,
    1,
    1,
    1,
    1,
    1,
    1,
    1,
    1,
    1,
    1,
    1,
    1,
    1,
    1,
    1,
    1,
    1,
    1,
    1,
    1,
    1,
    1,
    1,
    1
  ],
  "loss": [
    0.00011628389385328686,
    0.0017289195735079152,
    0.0011983518487146023,
    0.0008160400321503403,
    0.0006015624501203463,
    0.0006908079723494324,
    0.0012541303067914596,
    0.0002829486916774661,
    6.696701782772813e-05,
    4.8742994931672004e-05,
    0.003663754404383766,
    0.0010362098226323723,
    0.0004181566944074196,
    0.0001262166158428752,
    4.512808524251762e-05,
    4.175732228759443e-05,
    0.0037684542393358845,
    0.0002718963756116966,
    7.601307119889848e-05,
    0.003243334085762887,
    0.0005801857173260626,
    0.00012824955065808124,
    5.293216378277066e-05,
    0.0034937020860592036,
    0.0001819078448207643,
    0.00012453916743821938,
    0.00010081217078550253,
    6.966563796595437e-05,
    4.8236466326393973e-05,
    4.111205794660997e-05,
    0.0017493365510224416,
    8.762403692426185e-05,
    4.0986628422009136e-05,
    0.000587868814532326,
    0.0016816002665705958,
    6.090541021984136e-05,
    3.6726877999626596e-05,
    2.579576367483527e-05,
    2.1500572831602567e-05,
    0.0003265646108129556,
    8.81486925705262e-05,
    5.146852675049255e-05,
    2.440438806584504e-05,
    2.7840140528600056e-05,
    1.7761020444595488e-05,
    1.5450671810925144e-05,
    1.2490975059849476e-05,
    1.1659156918220425e-05,
    9.496204786334668e-06,
    2.8991991147732136e-05,
    1.654825253986612e-05,
    1.5874591717874864e-05,
    1.1880864515593957e-05,
    8.793159048237661e-06,
    8.199918652649472e-06,
    1.0110539558936157e-05,
    1.2523136020765952e-05,
    9.459844329740008e-06,
    1.1078629611785483e-05,
    8.630392419102618e-06,
    8.628809100076923e-06,
    8.47349273520184e-06,
    7.41860999149198e-06,
    7.84162726273335e-06,
    8.499257063476762e-06,
    8.40530056696783e-06,
    8.028564733616272e-06,
    6.963577714820846e-06,
    5.594587461625148e-06,
    5.157745175665696e-06,
    4.502307340669471e-06,
    4.043877177774329e-06,
    4.1072276745443614e-06,
    3.929623027865148e-06,
    5.2159762352251464e-06,
    4.039696229731569e-06,
    2.7044371782901345e-06,
    1.9072926895558393e-06,
    1.7606210475791655e-06,
    1.3923335881064044e-06,
    1.4274345346620975e-06,
    1.6001108430633134e-06,
    1.6147241038967109e-06,
    1.1177725255606675e-06,
    2.610304880528764e-06,
    1.1388700131896612e-06,
    1.4430000743022201e-06,
    5.826139172416064e-07,
    4.012662877528328e-07,
    3.8613131268965383e-07,
    1.4753322203744204e-06,
    9.678012673930425e-07,
    4.744044936583747e-07,
    1.3979570659168011e-06,
    3.4013091416389737e-06,
    6.291952207876046e-07,
    1.0771233976666652e-06,
    3.411302202493971e-07,
    4.2250341047002214e-07,
    1.6519892270242256e-07
  ],