{
  "experiment_id": "maze_dqn_v1_seed42",
  "episodes": [
    1,
    2,
    3,
    4,
    5,
    6,
    7,
    8,
    9,
    10,
    11,
    12,
    13,
    14,
    15,
    16,
    17,
    18,
    19,
    20,
    21,
    22,
    23,
    24,
    25,
    26,
    27,
    28,
    29,
    30,
    31,
    32,
    33,
    34,
    35,
    36,
    37,
    38,
    39,
    40,
    41,
    42,
    43,
    44,
    45,
    46,
    47,
    48,
    49,
    50,
    51,
    52,
    53,
    54,
    55,
    56,
    57,
    58,
    59,
    60,
    61,
    62,
    63,
    64,
    65,
    66,
    67,
    68,
    69,
    70,
    71,
    72,
    73,
    74,
    75,
    76,
    77,
    78,
    79,
    80,
    81,
    82,
    83,
    84,
    85,
    86,
    87,
    88,
    89,
    90,
    91,
    92,
    93,
    94,
    95,
    96,
    97,
    98,
    99,
    100
  ],
  "reward": [
    -18.890000000000043,
    -26.24000000000021,
    -9.649999999999961,
    -0.8900000000000008,
    -4.329999999999991,
    -1.5299999999999985,
    -7.089999999999975,
    -4.589999999999991,
    -9.329999999999963,
    -12.389999999999947,
    -1.0900000000000003,
    -3.5099999999999962,
    -17.46999999999999,
    -0.5900000000000005,
    -3.2099999999999973,
    -3.289999999999999,
    -5.589999999999987,
    -2.8299999999999974,
    -1.81,
    -12.629999999999953,
    -14.409999999999936,
    -1.0900000000000007,
    -1.7899999999999991,
    -2.849999999999997,
    -13.28999999999994,
    -8.949999999999967,
    -2.029999999999999,
    0.5299999999999999,
    -5.9499999999999815,
    -15.509999999999959,
    -1.2500000000000009,
    -6.2499999999999805,
    -13.529999999999943,
    -8.50999999999997,
    -4.769999999999985,
    -1.0700000000000003,
    -3.909999999999993,
    -1.5299999999999998,
    -9.009999999999964,
    -5.629999999999983,
    -0.9700000000000009,
    -0.7500000000000007,
    -5.529999999999982,
    -2.609999999999998,
    -1.3899999999999992,
    -5.669999999999982,
    -4.749999999999988,
    0.3899999999999999,
    -0.37000000000000033,
    -2.649999999999996,
    -2.789999999999997,
    -0.050000000000000044,
    -1.8099999999999996,
    -0.7300000000000004,
    -1.5899999999999985,
    -0.19000000000000017,
    -6.24999999999998,
    -2.589999999999997,
    -1.6099999999999994,
    -1.4699999999999998,
    -0.3100000000000003,
    -3.5499999999999945,
    -1.6299999999999986,
    -1.5100000000000002,
    -2.489999999999998,
    0.6099999999999999,
    0.44999999999999996,
    -0.6100000000000005,
    -0.09000000000000008,
    -0.3500000000000003,
    0.4099999999999999,
    -1.2899999999999996,
    -3.5499999999999945,
    -0.09000000000000008,
    -0.17000000000000015,
    0.4099999999999999,
    -1.7899999999999983,
    -0.1100000000000001,
    -1.8099999999999983,
    -1.2500000000000004,
    -2.849999999999998,
    -0.7700000000000007,
    -6.109999999999981,
    -1.5900000000000003,
    0.32999999999999996,
    -1.6899999999999995,
    -0.5300000000000005,
    -0.7900000000000007,
    -0.41000000000000036,
    -0.7100000000000006,
    0.2899999999999999,
    0.20999999999999996,
    -0.5300000000000005,
    -2.369999999999998,
    -1.23,
    0.10999999999999988,
    -0.3300000000000003,
    -0.15000000000000013,
    -1.1700000000000004,
    -1.7099999999999986
  ],
  "length": [
    352,
    500,
    220,
    37,
    111,
    56,
    162,
    101,
    206,
    260,
    48,
    83,
    354,
    34,
    80,
    70,
    111,
    69,
    48,
    239,
    300,
    39,
    64,
    89,
    287,
    186,
    61,
    12,
    138,
    311,
    46,
    150,
    275,
    178,
    119,
    46,
    87,
    56,
    192,
    133,
    36,
    32,
    141,
    65,
    42,
    137,
    126,
    17,
    30,
    78,
    74,
    25,
    57,
    39,
    53,
    30,
    141,
    72,
    55,
    41,
    33,
    114,
    66,
    45,
    71,
    13,
    20,
    36,
    29,
    28,
    15,
    50,
    87,
    38,
    19,
    15,
    64,
    31,
    57,
    46,
    89,
    43,
    136,
    53,
    23,
    54,
    37,
    54,
    34,
    37,
    18,
    17,
    37,
    86,
    44,
    27,
    26,
    26,
    47,
    56
  ],
  "success": [
    1,
    0,
    1,
    1,
    1,
    1,
    1,
    1,
    1,
    1,
    1,
    1,
    1,
    1,
    1,
    1,
    1,
    1,
    1,
    1,
    1,
    1,
    1,
    1,
    1,
    1,
    1,
    1,
    1,
    1,
    1,
    1,
    1,
    1,
    1,
    1,
    1,
    1,
    1,
    1,
    1,
    1,
    1,
    1,
    1,
    1,
    1,
    1,
    1,
    1,
    1,
    1,
    1,
    1,
    1,
    1,
    1,
    1,
    1,
    1,
    1,
    1,
    1,
    1,
    1,
    1,
    1,
    1,
    1,
    1,
    1,
    1,
    1,
    1,
    1,
    1,
    1,
    1,
    1,
    1,
    1,
    1,
    1,
    1,
    1,
    1,
    1,
    1,
    1,
    1,
    1,
    1,
    1,
    1,
    1,
    1,
    1,
    1,
    1,
    1
  ],
  "loss": [
    0.0001634415572819663,
    0.0011321842284451123,
    0.0006382005589619604,
    0.0035772624903836767,
    0.0006665203771852837,
    0.00022619976178767892,
    0.0003212200828144247,
    0.0002300464096304783,
    0.002377965615888897,
    0.0005194586237848853,
    0.0006405883815432389,
    0.00511043898608565,
    0.0006972290934985938,
    0.0010609905535495594,
    0.0045690435675169285,
    0.0007086086885205337,
    0.0006600973650059025,
    0.00033590447945744677,
    0.00039830660201308393,
    0.0018996817009043054,
    0.0005148882617868367,
    9.351570555829826e-05,
    0.0005053815741860035,
    0.002722337105235587,
    0.00047357188567910823,
    0.000787991511334508,
    9.530557845657134e-05,
    5.797819646128725e-05,
    0.0005769249504263154,
    0.000526740088800369,
    0.0003776325600720947,
    0.00013685367352688142,
    0.0003491936526949179,
    0.0003184836463169836,
    0.00026904407452796574,
    5.7480960450724844e-05,
    0.00019784802981152535,
    9.081646065364371e-05,
    0.00026047489309632965,
    0.00024891270914966136,
    9.148216147675865e-06,
    5.420809692679995e-06,
    0.00013957637273467706,
    0.00027930207077308573,
    9.230814227867951e-06,
    0.00012512245367098947,
    0.0002587645238359001,
    2.6847520022035016e-06,
    2.183551214329782e-06,
    0.00024838425709142545,
    8.76336030221471e-06,
    4.379435804366949e-06,
    3.4175977118553546e-06,
    0.00046715057973391923,
    0.00032377765553991475,
    3.4320842269153216e-05,
    0.00012747667370259085,
    0.0002609800490331635,
    0.00031155785010758503,
    7.562920628271702e-06,
    4.972543296610114e-06,
    0.00015003762546097788,
    4.6465895059444655e-06,
    1.0761030308812124e-06,
    7.688064494885393e-07,
    5.279734912514518e-07,
    4.955005138640445e-07,
    0.0005421085412914787,
    6.548184306854543e-05,
    1.8251245348567734e-05,
    8.82565197268074e-06,
    0.0003612743836220034,
    0.00039453397033574364,
    3.758997063653767e-06,
    2.3093336410870267e-06,
    1.6497712598114352e-06,
    1.374460476988304e-06,
    1.1419769521126e-06,
    8.729785578085731e-07,
    0.0003989935043094924,
    2.075766444372522e-05,
    0.0004156067521698999,
    7.3482135827121325e-06,
    4.918230922398062e-06,
    4.845061905301839e-06,
    4.258221108725762e-06,
    4.456143261523795e-06,
    0.00034692308465175166,
    4.1412044993194286e-05,
    1.2576835535730572e-05,
    5.650263612248334e-06,
    4.076633933222825e-06,
    3.325643912855437e-06,
    1.5709475826233122e-06,
    6.626407401778455e-07,
    0.0006616671862365854,
    2.4635461089089335e-05,
    0.0012739200427456755,
    5.6646503021221044e-05,
    3.6022823236083113e-06
  ],